name,seq_type,seq_length,highest_possible_pae,max_pae,min_pae,median_pae,ptm,max_plddt,min_plddt,std_plddt,var_plddt,q1_plddt,median_plddt,q3_plddt,batch_number
3ZIHA,predicted,79,31.75,26.23,0.25,3.19,0.69,94.24,53.65,8.559813210992143,73.27040220707562,87.18,88.76,90.83,10
4EFOA,predicted,89,31.75,28.81,0.25,5.35,0.59,89.75,35.48,13.810651962718566,190.73410763534218,61.980000000000004,77.48,83.67,10
4EFAC,predicted,106,31.75,29.71,0.25,5.1325,0.68,89.3,42.8,9.82105544729445,96.45313009883198,71.7325,81.52000000000001,85.86749999999999,10
3VYQA,original,63,31.75,22.15,0.25,1.96,0.78,98.37,61.71,5.576381893579517,31.096035023041477,95.49,97.3,97.74,10
4D7PA,original,96,31.75,28.0,0.25,1.81,0.87,98.86,57.46,5.025197491100365,25.252609824561404,97.045,98.0,98.41499999999999,10
3ZFIA,predicted,93,31.75,29.53,0.25,2.4,0.77,96.25,43.43,10.812696488525361,116.91440535296869,85.845,93.23,94.78,10
4AQOA,original,86,31.75,22.15,0.25,1.915,0.85,98.68,88.2,1.5601059278638583,2.43393050615595,97.6825,98.1,98.29,10
3ZZYA,original,106,31.75,29.61,0.25,1.9,0.85,98.83,54.71,5.635044585031426,31.753727475291996,96.0,97.88499999999999,98.46,10
4B0FA,original,57,31.75,28.51,0.25,5.33,0.57,98.74,75.34,6.212934366796038,38.60055344611528,87.195,92.61,97.89,10
4EFOA,original,89,31.75,30.54,0.25,1.74,0.78,98.83,45.07,11.895106403833852,141.4935563585291,96.28999999999999,97.95,98.475,10
4AKXA,predicted,121,31.75,28.31,0.25,6.73,0.63,86.61,45.48,10.130470442057984,102.62643137741047,68.225,76.46,80.91499999999999,10
3ZFIA,original,93,31.75,24.8,0.25,1.83,0.85,98.72,65.17,3.9094954980263577,15.284155049088357,96.41499999999999,97.83,98.19999999999999,10
4CBKA,original,69,31.75,23.69,0.25,1.68,0.75,98.86,86.88,1.9169904949020373,3.674852557544758,98.215,98.54,98.69,10
4CBKA,predicted,69,31.75,30.4,0.25,7.47,0.46,90.42,46.08,9.978703296519338,99.5745194799659,67.09,70.92,82.305,10
4EEWA,predicted,74,31.75,28.18,0.25,11.4775,0.42,77.59,29.45,11.304612408188554,127.79426169937061,48.25,55.755,65.26,10
4CYJE,original,52,31.75,20.77,0.25,5.095000000000001,0.5,98.04,67.1,7.198721215728513,51.8215871417798,82.97,87.565,94.1675,10
4G92A,original,61,31.75,30.4,0.25,7.23,0.44,97.62,56.08,10.495985644274135,110.16571464480874,85.78,93.64,95.405,10
4EFAC,original,106,31.75,30.12,0.25,2.49,0.78,98.03,46.0,12.133161663008567,147.21361194070082,91.2725,95.23,96.7825,10
4FK5E,predicted,91,31.75,29.9,0.25,19.39,0.26,66.18,27.86,10.166513714095954,103.35800109890111,38.16,47.82,55.86,10
4EC6A,predicted,109,31.75,28.44,0.25,16.96,0.29,55.73,29.74,6.132301738966944,37.605124617737005,37.89,42.92,47.67,10
4G3OA,original,53,31.75,26.76,0.25,1.71,0.71,98.61,60.69,7.370571672396861,54.325326777939054,96.13499999999999,97.57,97.945,10
4B6IA,original,100,31.75,29.18,0.25,1.6624999999999999,0.81,98.91,54.56,7.0209262756189625,49.29340576767676,97.22749999999999,98.34,98.65,10
4C0FA,predicted,96,31.75,31.24,0.25,14.8875,0.34,82.02,30.82,10.847056828058953,117.65864183114034,53.67,60.269999999999996,68.575,10
4G3OA,predicted,53,31.75,30.26,0.25,3.34,0.55,91.07,56.5,10.42518530322969,108.68448860667633,83.71,88.05,89.58,10
4EEWA,original,74,31.75,25.29,0.25,1.9674999999999998,0.83,98.28,64.02,4.2878010513956335,18.385237856349498,95.46499999999999,97.005,97.8425,10
3ZZYA,predicted,106,31.75,29.43,0.25,8.1825,0.52,79.4,37.75,11.806234121555185,139.38716413297394,53.900000000000006,67.02,73.275,10
3ZE3A,predicted,116,31.75,30.53,0.25,15.595,0.35,82.52,47.46,9.143781485254062,83.60873985007497,58.870000000000005,66.76,74.35249999999999,10
4B0FA,predicted,57,31.75,30.54,0.25,5.78,0.5,97.7,43.93,14.108671818733391,199.0546204887218,82.185,88.73,93.10499999999999,10
4F3FC,original,59,31.75,13.26,0.25,1.72,0.74,98.56,88.37,2.082339813753162,4.336139099941553,96.47,97.13,97.87,10
4F3FC,predicted,59,31.75,28.28,0.25,11.98,0.34,84.65,42.06,9.671554587928576,93.53896814728229,54.15,59.35,68.67,10
4G92A,predicted,61,31.75,30.48,0.25,13.46,0.4,97.15,30.15,17.21254759627692,296.2717947540984,65.935,83.99,93.705,10
3VYQA,predicted,63,31.75,23.79,0.25,6.37,0.5,90.83,45.69,10.05359874989353,101.07484782386072,71.48,80.81,83.48,10
4FM3A,original,95,31.75,27.86,0.25,1.6,0.83,98.93,69.91,3.609102490076249,13.02562078387458,97.34,98.48,98.81,10
4CYJE,predicted,52,31.75,30.83,0.25,21.005000000000003,0.17,71.62,38.13,6.487132373039675,42.08288642533936,54.2775,56.865,61.379999999999995,10
4FK5E,original,91,31.75,31.16,0.25,20.33,0.27,89.76,40.73,13.306230670329395,177.05577465201466,56.18,61.62,70.49,10
4D7PA,predicted,96,31.75,28.29,0.25,4.1175,0.7,93.15,43.13,13.760534413948324,189.35230735745614,71.0125,84.545,89.0675,10
3ZIHA,original,79,31.75,24.87,0.25,1.71,0.78,98.7,56.22,7.240221419216815,52.42080619928595,95.74,97.52,98.28,10
4AQOA,predicted,86,31.75,27.99,0.25,5.6375,0.61,88.64,47.61,10.441909650757507,109.03347715458276,72.355,81.17,83.8425,10
4EC6A,original,109,31.75,23.08,0.25,2.11,0.87,98.81,74.08,3.753624545784641,14.089697230716952,95.86500000000001,97.31,97.965,10
4D6YA,predicted,121,31.75,26.04,0.25,3.65,0.79,95.01,42.69,10.42802715626982,108.74375037190083,84.66,88.92,91.55,10
4FM3A,predicted,95,31.75,29.27,0.25,3.68,0.7,97.3,67.36,4.876915208252882,23.78430194848825,88.6,92.27,94.74,10
4C0FA,original,96,31.75,25.71,0.25,2.2875,0.84,98.41,68.7,5.56763088219315,30.998513640350872,94.1225,96.345,97.425,10
4B6IA,predicted,100,31.75,27.03,0.25,4.255,0.65,90.45,42.72,10.74293992453752,115.41075822222223,72.06,82.045,86.79,10
4AIKA,predicted,139,31.75,29.03,0.25,7.0,0.54,94.13,48.9,8.625379939771426,74.39717910541133,72.11,77.32,81.46,10
4CIHA,predicted,146,31.75,29.85,0.25,18.6325,0.32,52.05,23.55,5.537121383608658,30.659713216816254,37.0175,40.28,44.355,10
4AZ9A,original,111,31.75,30.83,0.25,2.1,0.85,98.85,39.91,12.289755637447541,151.03809362817364,91.97,96.41,98.22,10
4BJTA,original,152,31.75,27.68,0.25,2.365,0.84,98.73,43.15,8.101680308653997,65.63722382363193,94.01249999999999,96.57,97.9925,10
4BI3A,predicted,163,31.75,30.3,0.25,20.63,0.28,60.56,23.47,7.157732323540119,51.233132015451034,31.39,35.43,40.81,10
4E19A,predicted,133,31.75,27.87,0.25,2.51,0.82,98.39,58.72,6.537620273833544,42.74047884483938,91.63499999999999,94.06,96.18,10
3ZUIA,original,146,31.75,23.2,0.25,2.3449999999999998,0.89,98.71,75.01,3.8709191228864746,14.984014855928194,94.3975,96.87,98.13,10
4G0XA,predicted,147,31.75,30.13,0.25,10.28,0.53,83.24,25.57,11.822569841425802,139.77315765539092,59.06,66.3,71.93,10
4E0EA,predicted,169,31.75,30.37,0.25,5.46,0.68,94.93,35.11,14.430207398835298,208.23088557340097,65.52,82.58,87.75999999999999,10
4AZ9A,predicted,111,31.75,29.87,0.25,15.69,0.36,60.17,27.8,9.326610396632931,86.98566149058149,37.04,46.39,53.88,10
4CV7A,original,111,31.75,27.24,0.25,2.11,0.88,98.9,44.75,10.316257090648739,106.42516036036037,89.09,96.22,98.54,10
3ZVSA,original,158,31.75,15.06,0.25,1.92,0.9,98.94,83.96,2.006244195101418,4.025015770378136,97.92,98.535,98.74249999999999,10
4DGFA,predicted,122,31.75,25.84,0.25,3.5524999999999998,0.79,93.27,47.82,9.598761215968517,92.13621688118141,84.06,88.91,91.51500000000001,10
4ANNA,predicted,176,31.75,29.68,0.25,8.275,0.67,89.94,55.23,7.696854644939365,59.24157142532468,69.24249999999999,75.59,82.1575,10
4G0XA,original,147,31.75,29.76,0.25,1.88,0.91,98.86,53.91,6.553457907767249,42.94781054887709,97.12,98.05,98.43,10
3ZFPA,predicted,148,31.75,25.33,0.25,8.940000000000001,0.61,85.14,43.28,9.461869392620851,89.52697240301526,64.49749999999999,69.58500000000001,77.6575,10
4BI3A,original,163,31.75,21.74,0.25,2.11,0.92,98.88,81.17,2.665444993960621,7.104597015829734,96.09,97.87,98.46,10
4CV7A,predicted,111,31.75,29.14,0.25,15.31,0.46,70.83,21.91,13.73310278087847,188.598111990172,35.22,46.97,61.23,10
4ETNA,predicted,148,31.75,25.29,0.25,5.495,0.64,87.77,57.6,6.875877408785795,47.277690140650854,72.5975,79.66,84.205,10
4ACJA,original,167,31.75,30.24,0.25,1.94,0.86,98.97,53.99,4.987085530000839,24.871022083543753,97.36,98.39,98.7,10
4BBOA,original,113,31.75,16.76,0.25,1.97,0.82,98.82,88.18,2.1995665013660597,4.838092793931728,96.315,97.94,98.44,10
3ZVSA,predicted,158,31.75,25.64,0.25,5.6875,0.73,92.94,49.27,9.742026527136858,94.90708085543821,76.14750000000001,82.91,87.35499999999999,10
3ZFPA,original,148,31.75,23.62,0.25,2.6675,0.83,97.99,67.75,5.06306782456074,25.634655796102226,92.3125,95.22999999999999,96.8325,10
4BJTA,predicted,152,31.75,28.36,0.25,9.8125,0.55,89.14,32.96,15.423783936172233,237.89311090972464,52.11,67.075,78.42500000000001,10
4AIKA,original,139,31.75,25.56,0.25,2.49,0.82,98.54,69.12,6.0463906180287985,36.55883950578668,94.34,97.03,98.05,10
3X0IA,original,159,31.75,24.93,0.25,2.42,0.87,98.83,61.23,6.249056919214899,39.05071237958761,96.22,97.69,98.21,10
4BBOA,predicted,113,31.75,28.69,0.25,19.98,0.21,43.97,22.76,4.969552675308665,24.69645379266751,30.715,33.51,37.76,10
4EPCA,original,152,31.75,30.67,0.25,2.2025,0.84,98.85,55.41,4.1604070231310075,17.308986598117812,97.47250000000001,98.35,98.6175,10
4C2MI,predicted,124,31.75,29.47,0.25,19.2175,0.32,71.74,23.6,13.096876920503238,171.5281850708104,41.025,52.83,62.72749999999999,10
3ZE3A,original,116,31.75,26.04,0.25,2.3975,0.8,98.86,69.52,4.147137948443275,17.198753163418296,94.00999999999999,96.97,98.47,10
4EO7A,predicted,144,31.75,30.86,0.25,9.594999999999999,0.57,76.76,36.03,7.886980660703289,62.20446394230768,61.3275,66.475,70.79249999999999,10
4CYMD,predicted,167,31.75,29.42,0.25,7.94,0.62,86.47,48.38,9.407802487535019,88.5067476444701,69.57,76.99,80.53,10
3ZUCA,original,153,31.75,30.37,0.25,1.98,0.87,98.89,47.95,6.209473506096166,38.557561222910216,97.39,98.24,98.66499999999999,10
4C2MI,original,124,31.75,30.4,0.25,14.040000000000001,0.4,94.94,50.04,12.553454548927371,157.58922111198532,75.485,86.16,90.7475,10
3X0IA,predicted,159,31.75,28.41,0.25,5.1,0.77,94.87,47.7,9.79033919195406,95.85074149351166,79.08,84.54,88.6,10
4CIHA,original,146,31.75,30.32,0.25,8.04,0.68,89.25,28.87,13.688805273671647,187.38338982050072,63.845,75.145,82.3,10
4G78A,original,147,31.75,27.25,0.25,1.86,0.9,98.86,61.58,4.578989495014421,20.967144795452423,97.23,98.25,98.62,10
4C1QA,predicted,173,31.75,30.87,0.25,4.16,0.78,95.66,41.69,10.797625286587184,116.58871182954698,79.765,88.77,92.215,10
4AKXA,original,121,31.75,27.2,0.25,3.0,0.82,97.94,61.24,7.124374944309672,50.75671834710744,88.245,92.51,95.225,10
4CVNA,predicted,179,31.75,29.97,0.25,8.41,0.65,92.72,32.23,14.883971342314439,221.53260291883748,56.63,71.36,83.05,10
3ZUCA,predicted,153,31.75,29.74,0.25,8.85,0.6,88.46,35.25,13.11479728169437,171.99790773993806,53.95,66.59,74.095,10
4ETNA,original,148,31.75,20.78,0.25,1.765,0.86,98.96,74.2,2.4407754485824062,5.957384790402647,97.89750000000001,98.535,98.785,10
4BK7A,original,159,31.75,16.23,0.25,2.21,0.87,98.64,88.11,2.2804272589585057,5.200348483401003,96.11,97.75,98.26,10
4DGFA,original,122,31.75,23.06,0.25,2.3449999999999998,0.87,98.68,71.72,5.353463178066711,28.659567998916135,91.785,95.25,96.975,10
4BK7A,predicted,159,31.75,24.19,0.25,5.34,0.73,93.53,64.08,5.606841960441322,31.436676769365494,81.35,85.8,88.45,10
4E19A,original,133,31.75,25.27,0.25,1.81,0.85,98.9,75.02,3.2019906640720768,10.252744212804739,97.7,98.23,98.60499999999999,10
4EPCA,predicted,152,31.75,30.68,0.25,5.8425,0.67,92.76,25.52,13.23502869571908,175.1659845765075,75.025,81.16,86.9925,10
4G78A,predicted,147,31.75,30.68,0.25,5.22,0.67,95.58,45.16,14.733385100524643,217.07263652036156,67.66,83.86,93.41,10
3WP0A,predicted,181,31.75,26.43,0.25,4.59,0.76,93.78,55.62,7.787333633122868,60.642565113566604,82.93,87.72,90.02000000000001,10
4D6YA,original,121,31.75,23.24,0.25,2.73,0.83,97.43,57.35,6.347641425495509,40.29255166666666,92.015,94.16,95.57,10
4CVNA,original,179,31.75,28.76,0.25,2.09,0.9,98.94,47.73,5.947943109698187,35.37802723620614,95.44,97.95,98.69,10
4EO7A,original,144,31.75,30.43,0.25,4.9775,0.74,92.51,35.01,12.625941955020782,159.414410251554,79.2925,85.57499999999999,89.12,10
3ZUIA,predicted,146,31.75,30.32,0.25,11.71,0.54,83.14,24.09,12.689691716775181,161.02827586679263,49.97749999999999,57.385,68.9825,10
4ACJA,predicted,167,31.75,29.49,0.25,3.92,0.77,95.35,39.27,8.572141329282559,73.48160696919415,84.18,88.77,91.37,10
4CYMD,original,167,31.75,28.85,0.25,2.24,0.84,98.8,61.75,4.730591302331236,22.378494069691943,97.09,98.05,98.45,10
4BPZA,predicted,251,31.75,30.8,0.25,13.6,0.66,87.7,24.65,15.559462409521313,242.09687047330678,47.02,58.56,71.44,10
4E0EA,original,169,31.75,27.28,0.25,2.64,0.84,98.33,50.34,6.548901163746621,42.88810645252184,92.745,96.13,97.43,10
3WKQA,predicted,299,31.75,28.27,0.25,7.38,0.74,93.36,52.8,9.199521833201548,84.63120195955197,70.22,77.64,83.4,10
4C1QA,original,173,31.75,30.41,0.25,2.69,0.84,98.8,31.66,11.403236041435598,130.0337922166958,92.71000000000001,95.85,97.78999999999999,10
4AVYA,predicted,241,31.75,28.05,0.25,4.24,0.83,96.91,46.73,9.738949990406015,94.84714691562931,82.47,88.16,91.355,10
4FGLA,predicted,230,31.75,28.4,0.25,8.3525,0.69,92.09,40.38,10.821635668242052,117.1077985361686,68.7575,74.88499999999999,80.995,10
4EGFA,original,257,31.75,25.9,0.25,2.21,0.87,98.94,63.84,4.5208763961052805,20.438323388861868,96.875,98.2,98.655,10
4ANNA,original,176,31.75,28.51,0.25,2.46,0.87,98.59,61.75,3.3055602070553083,10.926728282467533,95.415,96.765,97.58,10
4AWDA,original,297,31.75,28.02,0.25,2.55,0.89,98.93,64.18,3.158864888563989,9.978427384202384,96.95,98.01,98.515,10
3VZXA,predicted,227,31.75,28.59,0.25,3.76,0.86,95.42,48.61,7.707761518256446,59.409587622314916,87.76,90.86,92.88,10
4BZ4B,original,204,31.75,30.41,0.25,3.035,0.87,98.68,30.7,15.51392418094869,240.68184349222446,83.5025,92.955,97.23999999999998,10
4EX6A,original,219,31.75,29.55,0.25,2.19,0.89,98.84,55.74,4.158358629502606,17.291946491558793,96.79,97.75,98.37,10
4D06A,original,282,31.75,29.54,0.25,2.92,0.89,98.81,47.56,11.67475226609748,136.29984047474824,90.8225,96.11,97.9925,10
3WP0A,original,181,31.75,23.64,0.25,2.44,0.88,98.67,70.74,2.389476761934642,5.709599195825662,96.75999999999999,97.58,98.0,10
3W42A,predicted,199,31.75,26.15,0.25,6.43,0.72,90.02,48.7,8.612202197111067,74.17002668392468,72.05,78.66,83.3,10
4EGFA,predicted,257,31.75,30.29,0.25,5.12,0.79,96.89,46.8,10.415115892314423,108.47463905034047,77.02,85.91,90.48,10
4AU1A,predicted,208,31.75,29.64,0.25,3.3625,0.8,97.12,46.91,8.422706627659467,70.94198693561873,86.23,91.58,93.56,10
4BWVA,predicted,227,31.75,29.04,0.25,6.08,0.73,89.48,54.13,7.6808583709382825,58.995585314412686,74.57,79.76,83.51,10
3ZPYA,predicted,248,31.75,30.71,0.25,22.0875,0.37,59.78,19.35,9.93348211976236,98.6740670236385,27.612500000000004,34.14,44.605000000000004,10
4DN2A,predicted,191,31.75,31.0,0.25,5.25,0.73,94.33,28.89,12.752491637735556,162.6260429705153,74.66,83.96,88.72,10
4BWVA,original,227,31.75,21.8,0.25,2.28,0.92,98.94,82.71,2.314359540656453,5.356260083427548,96.84,98.05,98.57,10
4D06A,predicted,282,31.75,30.74,0.25,18.665,0.51,90.43,19.21,19.845282708334135,393.8352457737059,33.14,42.905,67.56,10
3VZXA,original,227,31.75,26.12,0.25,2.4,0.92,98.86,67.32,3.9830193972376287,15.864443518771202,95.71,97.47,98.26,10
4EX6A,predicted,219,31.75,29.28,0.25,3.8,0.82,97.56,51.84,5.8251930161300844,33.93287367517071,86.06,89.98,92.98,10
4AK2A,predicted,287,31.75,30.8,0.25,22.73,0.36,59.38,19.7,10.14958293810155,103.01403381740211,29.93,36.73,46.89,10
4G9SA,original,187,31.75,30.51,0.25,2.1,0.84,98.82,35.59,10.740055531158776,115.34879281237421,96.5,97.74,98.4,10
4EISA,predicted,225,31.75,29.63,0.25,11.04,0.56,82.74,33.05,12.308646979432211,151.5027904642857,50.515,59.3,70.58,10
4E9KA,original,240,31.75,29.99,0.25,2.675,0.88,98.89,57.96,4.8804639558128935,23.81892842398884,93.54500000000002,96.805,98.33,10
3ZNVA,original,269,31.75,29.15,0.25,2.89,0.89,98.8,46.91,8.895938851380155,79.13772804749487,94.17,96.48,97.84,10
4FUVA,predicted,213,31.75,31.0,0.25,25.38,0.21,43.39,21.12,4.775496077095499,22.805362782354504,28.53,32.1,35.43,10
4AU1A,original,208,31.75,24.41,0.25,2.025,0.86,98.95,81.43,2.2196634166684306,4.926905683296171,97.78250000000001,98.375,98.6275,10
4FOKA,original,264,31.75,30.64,0.25,2.91,0.86,98.89,55.46,6.523916392821877,42.561485100530014,92.0775,95.85,98.15,10
3ZPYA,original,248,31.75,28.66,0.25,2.3675,0.92,98.94,59.57,5.10720194304263,26.083511687018415,94.795,97.58500000000001,98.5775,10
4GC1A,original,275,31.75,30.49,0.25,4.05,0.8,98.63,32.97,16.135603995674973,260.3577163052422,89.88,93.97,96.84,10
3W42A,original,199,31.75,17.42,0.25,2.32,0.89,98.85,78.72,3.347706065611328,11.207135901730878,94.66,97.33,98.36,10
4FUVA,original,213,31.75,30.65,0.25,2.85,0.82,98.84,53.15,5.745243482439458,33.007822672513065,95.92,97.58,98.245,10
3WKQA,original,299,31.75,28.37,0.25,2.31,0.9,98.93,62.5,2.6619789439952166,7.086131898273888,97.9,98.48,98.73,10
4E9KA,predicted,240,31.75,31.1,0.25,25.2425,0.19,41.95,19.54,4.602934107597483,21.187002398884243,28.330000000000002,31.869999999999997,35.1625,10
4CS4A,predicted,268,31.75,30.79,0.25,15.5725,0.52,82.57,27.37,12.097318070777591,146.34510450556206,49.66,56.540000000000006,64.63749999999999,10
4G9SA,predicted,187,31.75,30.41,0.25,18.49,0.4,65.49,20.71,9.06262793084532,82.13122501293773,34.43,42.96,48.86,10
4FOKA,predicted,264,31.75,29.08,0.25,5.21,0.76,95.32,53.04,7.891776132275265,62.28013052194954,80.585,87.005,90.1575,10
4BPZA,original,251,31.75,30.56,0.25,2.18,0.93,98.95,42.95,4.943566880098617,24.43885349800797,97.68,98.4,98.75,10
4BZ4B,predicted,204,31.75,30.97,0.25,26.355,0.13,39.07,19.49,4.21852678649002,17.795968248333818,24.525,27.005000000000003,30.599999999999998,10
4CS4A,original,268,31.75,27.77,0.25,3.1875,0.87,98.83,61.03,6.650709877831667,44.23194187908771,92.5675,95.88,97.8875,10
4AVYA,original,241,31.75,25.0,0.25,2.12,0.9,98.97,71.65,3.1017191330327285,9.6206615802213,96.945,98.48,98.785,10
3ZNVA,predicted,269,31.75,29.49,0.25,8.31,0.69,92.04,30.82,10.206963201387808,104.18209779448483,68.255,75.02,78.97999999999999,10
4DN2A,original,191,31.75,30.3,0.25,2.18,0.86,98.93,43.05,7.9745169346921525,63.59292034169193,95.03,97.73,98.52,10
4AWDA,predicted,297,31.75,30.14,0.25,11.22,0.65,83.81,34.25,10.55447728798735,111.39699082264082,58.6,65.43,72.945,10
4EISA,original,225,31.75,22.71,0.25,2.17,0.93,98.95,88.19,1.4081033596396864,1.9827550714285722,97.48,98.28,98.67,10
4FGLA,original,230,31.75,29.87,0.25,2.0949999999999998,0.86,98.97,56.69,4.103471927604931,16.838481860641732,97.905,98.58500000000001,98.83,10
4DDDA,predicted,300,31.75,30.18,0.25,6.0075,0.76,95.95,47.28,11.740321713214076,137.83515392976588,73.4175,82.55000000000001,87.89250000000001,10
4GC1A,predicted,275,31.75,31.01,0.25,12.5,0.6,86.39,21.0,12.40084457309575,153.7809461260783,59.29,65.83,70.63,10
4BLUA,original,279,31.75,27.46,0.25,2.45,0.93,98.95,61.67,4.365179058561095,19.054788213300327,95.82,97.84,98.55,10
4BLUA,predicted,279,31.75,30.79,0.25,6.85,0.77,89.49,24.1,13.112215787367541,171.9302028544906,66.51,76.4,82.65,10
4DNHA,original,386,31.75,28.41,0.25,2.4175,0.9,98.92,69.78,2.418232989881605,5.847850793351726,97.29,98.36,98.72,10
3W5NA,original,1029,31.75,28.04,0.25,4.54,0.88,98.86,60.44,4.1994476720520595,17.63536075030346,95.11,97.2,98.12,10
4AK2A,original,287,31.75,30.2,0.25,2.83,0.85,98.75,26.35,10.085980505544189,101.7270027582174,94.34,96.72,97.83,10
4CGKA,original,351,31.75,30.89,0.25,4.84,0.79,98.85,33.54,13.809913118077764,190.7137003288563,87.45,93.43,97.58,10
4C23A,predicted,473,31.75,30.4,0.25,10.28,0.69,90.67,32.58,11.297675277384995,127.6374666732361,64.11000000000001,71.1,78.75,10
4FE9A,original,446,31.75,29.73,0.25,4.39,0.85,98.84,67.7,2.576502658940836,6.638365951529198,95.7875,97.485,98.27,10
4FK9A,predicted,314,31.75,30.75,0.25,8.530000000000001,0.72,90.82,23.1,15.94090369860857,254.1124107283124,56.56999999999999,69.16,80.67500000000001,10
4DWRA,predicted,483,31.75,30.38,0.25,5.59,0.8,96.27,35.24,8.976943732003534,80.58551876755753,80.94,85.7,88.68,10
4ACFA,original,475,31.75,25.95,0.25,3.23,0.88,98.91,59.25,6.51745682237252,42.477243431490116,94.44,97.11,98.22,10
4FE9A,predicted,446,31.75,31.51,0.25,26.6475,0.36,86.83,23.67,15.708361806083593,246.75263063082582,43.3875,55.215,70.6,10
4AKFA,original,561,31.75,31.0,0.25,7.02,0.76,98.16,21.98,15.315966086180886,234.57881715304305,80.75999999999999,89.82,94.74000000000001,10
4B0NA,original,379,31.75,29.35,0.25,2.71,0.89,98.9,58.35,3.4179135480605134,11.682133022015607,96.54,97.72,98.33,10
3X0UA,predicted,425,31.75,31.23,0.25,24.47,0.31,63.06,20.88,9.861097471245424,97.24124333740289,28.63,37.67,44.325,10
4DDDA,original,300,31.75,30.54,0.25,2.5549999999999997,0.88,98.83,51.82,5.674707403946157,32.20230412040134,95.7375,97.59,98.4,10
4DNHA,predicted,386,31.75,31.14,0.25,16.59,0.56,91.37,22.94,20.380869044883624,415.3798230246955,38.987500000000004,56.995000000000005,76.71,10
4CJ0A,original,534,31.75,25.07,0.25,2.665,0.89,98.99,65.65,2.2340298503422007,4.990889372219996,97.67500000000001,98.475,98.81,10
4FK9A,original,314,31.75,31.18,0.25,1.98,0.91,98.98,37.38,12.681481106490377,160.81996305427242,98.20499999999998,98.73,98.89,10
4C23A,original,473,31.75,30.69,0.25,3.4,0.86,98.83,39.75,7.052396037830283,49.73628987440427,93.85499999999999,96.33,97.96,10
4G65A,original,459,31.75,29.84,0.25,5.13,0.87,98.28,45.98,7.121421964188042,50.71465079201987,89.01,93.22,95.8,10
4AKFA,predicted,561,31.75,31.42,0.25,26.84,0.31,77.46,20.14,13.324458592401468,177.54119678062133,30.645,44.56,53.98,10
3WGUB,original,303,31.75,31.34,0.25,5.11,0.76,96.59,35.69,12.316326186346187,151.6918907284768,85.8,92.38,94.34,10
4CGKA,predicted,351,31.75,31.29,0.25,25.02,0.37,84.67,27.46,15.199160098734394,231.0144677069597,42.51,57.18,68.17,10
3ZH9B,original,339,31.75,27.8,0.25,3.8,0.84,98.76,65.65,4.679433978952257,21.897102363372955,94.16,96.22,97.67,10
4BE3A,original,312,31.75,25.18,0.25,2.355,0.94,98.97,78.73,2.5878018903604247,6.696718623752987,97.84,98.4,98.7375,10
4BE3A,predicted,312,31.75,31.07,0.25,26.085,0.25,54.62,21.31,8.658683945412431,74.97280766654299,27.28,31.47,40.239999999999995,10
3X0UA,original,425,31.75,31.0,0.25,4.27,0.83,98.54,26.79,14.714709699686907,216.52268154605994,83.625,92.02,95.595,10
4G65A,predicted,459,31.75,29.96,0.25,8.33,0.76,95.03,36.7,9.619373977311964,92.5323557153866,76.22,83.47,87.74,10
3ZIUB,original,575,31.75,30.86,0.25,3.73,0.9,98.86,36.46,7.6214456233769985,58.08643339009241,92.84,95.98,97.89,10
3WDQA,original,330,31.75,27.75,0.25,2.4400000000000004,0.87,98.9,48.51,7.039894952304761,49.56012093948605,94.9425,97.07,98.2225,10
3WDQA,predicted,330,31.75,30.66,0.25,9.8,0.66,86.37,25.28,12.86913813189189,165.61471625771392,53.15,64.03,73.01,10
3ZEUB,predicted,337,31.75,26.88,0.25,4.72,0.79,97.16,57.94,6.895362915808662,47.546029740709336,83.46000000000001,88.45,91.42500000000001,10
3ZH9B,predicted,339,31.75,30.82,0.25,11.77,0.55,92.78,50.37,8.337212435025771,69.50911118674836,74.9,82.07,86.07,10
4EZCA,predicted,345,31.75,31.16,0.25,21.61,0.38,75.31,24.2,12.347598763284969,152.4631952190765,38.58,47.7,58.495000000000005,10
4ECLA,predicted,372,31.75,30.92,0.25,9.1275,0.63,95.55,25.79,15.20635050328122,231.233095628641,69.5825,85.34,89.6525,10
4AYOA,original,434,31.75,28.12,0.25,2.32,0.9,98.96,54.96,3.0312941079305187,9.18874396877428,98.09,98.59,98.79,10
3WGUB,predicted,303,31.75,31.39,0.25,27.46,0.21,71.25,20.3,10.795643018002297,116.54590817214172,25.44,29.82,36.43,10
4DWRA,original,483,31.75,29.6,0.25,2.84,0.9,98.88,30.93,7.345321416803347,53.95374671614993,95.47,97.67,98.32,10
4ECLA,original,372,31.75,29.66,0.25,2.96,0.86,98.89,48.4,4.24412245772833,18.012575436193956,96.255,97.765,98.46,10
3W5NA,predicted,1029,31.75,30.33,0.25,10.44,0.74,95.3,30.89,12.095020055588662,146.28951014509195,70.055,81.1,86.63,10
4EZCA,original,345,31.75,27.34,0.25,2.23,0.91,98.91,63.99,2.6498874457022628,7.021903474890462,97.275,98.25,98.71,10
4ACFA,predicted,475,31.75,31.02,0.25,9.22,0.72,95.32,22.31,19.34477229573623,374.22021517388407,58.86,74.56,86.51,10
4B0NA,predicted,379,31.75,30.92,0.25,6.41,0.77,93.77,36.3,10.891977296846571,118.63516943502115,73.87,82.38,87.14,10
3ZEUB,original,337,31.75,23.73,0.25,2.84,0.87,98.89,66.63,3.717940216885881,13.823079456337432,95.315,97.56,98.43,10
4AYOA,predicted,434,31.75,30.32,0.25,6.5075,0.79,91.26,25.76,9.490313343955538,90.06604736646055,74.42500000000001,79.855,84.58250000000001,10
4CJ0A,predicted,534,31.75,30.97,0.25,10.2075,0.71,94.08,23.53,18.46953356405195,341.1236700736415,52.415,72.735,80.985,10
3ZIUB,predicted,575,31.75,31.24,0.25,25.68,0.31,68.37,19.67,9.266605676259182,85.8699807592789,30.35,37.48,43.35,10
4AIOA,original,883,31.75,29.28,0.25,3.68,0.89,98.93,55.33,4.606018809160966,21.215409270344605,96.22,97.84,98.5,10
4AIOA,predicted,883,31.75,31.43,0.25,28.95,0.4,84.97,17.17,17.001311012038833,289.04457612807295,25.14,34.54,51.56,10
